<?xml version="1.0" encoding="UTF-8"?>
<beans xmlns="http://www.springframework.org/schema/beans"
	xmlns:xsi="http://www.w3.org/2001/XMLSchema-instance" xmlns:p="http://www.springframework.org/schema/p"
	xmlns:context="http://www.springframework.org/schema/context"
	xmlns:mvc="http://www.springframework.org/schema/mvc"
	xsi:schemaLocation="http://www.springframework.org/schema/beans 
                           http://www.springframework.org/schema/beans/spring-beans.xsd
                           http://www.springframework.org/schema/context 
                           http://www.springframework.org/schema/context/spring-context.xsd
                           http://www.springframework.org/schema/mvc
                           http://www.springframework.org/schema/mvc/spring-mvc.xsd">


	<context:component-scan base-package="com.igate"></context:component-scan>
	<mvc:resources mapping="/resources/**" location="/resources/css/" />
	<mvc:annotation-driven />

   

	<bean
		class="org.springframework.web.servlet.view.InternalResourceViewResolver">
		<property name="prefix" value="/WEB-INF/jsp/" />
		<property name="suffix" value=".jsp" />
	</bean>

	<bean name="matController" class="com.igate.controller.MatController">
		<!-- <property name="matMigrateService" ref="matService"></property> -->
	</bean>
	<bean name="adminController" class="com.igate.controller.AdminController">
		<!-- <property name="matMigrateService" ref="matService"></property> -->
	</bean>
	<bean name="matMigratorController" class="com.igate.controller.MatMigratorController">
		<property name="matMigrateService" ref="matService"></property>
		<!-- <property name="context" ref="servletContext"></property> -->
	</bean>
	
	<bean name="remoteController" class="com.igate.controller.RemoteController">
	</bean>

   <!--  <bean name="servletContext" class="javax.servlet.ServletContext"></bean> -->
	<bean name="matService" class="com.igate.service.MatMigrateService">
		<property name="migratorDao" ref="migratorDao"></property>
	</bean>

	<bean id="matHandler" class="com.igate.handler.MatHandler">
	</bean>
	<bean id="adminHandler" class="com.igate.handler.AdminHandler">
	</bean>
	<bean  id="scanHandler" class="com.igate.handler.DBScanHandler">
	</bean>

	<bean id="migratorHandler" class="com.igate.handler.MigratorHandler">
	</bean>


	<bean id="ds"
		class="org.springframework.jdbc.datasource.DriverManagerDataSource">
		<property name="driverClassName" value="oracle.jdbc.driver.OracleDriver" />
		<property name="url" value="jdbc:oracle:thin:@10.212.6.88:1521:oradb" />
		<property name="username" value="matdb" />
		<property name="password" value="matdb" />
	</bean>

	<bean id="jdbcTemplate" class="org.springframework.jdbc.core.JdbcTemplate">
		<property name="dataSource" ref="ds"></property>
	</bean>

	<bean id="udao" class="com.igate.dao.MatDao">
		<property name="jdbcTemplate" ref="jdbcTemplate"></property>
	</bean>

	<bean id="migratorDao" class="com.igate.dao.MigratorDao">
		<property name="jdbcTemplate" ref="jdbcTemplate"></property>
	</bean>
<bean id="adminDao" class="com.igate.dao.AdminDao">
		<property name="jdbcTemplate" ref="jdbcTemplate"></property>
	</bean>
	<bean id="scanDao" class="com.igate.dao.DBScanDao">
		<property name="jdbcTemplate" ref="jdbcTemplate"></property>
	</bean>


	<bean id="migratorMapper" class="com.igate.mapper.MigratorMapper" />
	<bean id="adminMapper" class="com.igate.mapper.AdminMapper" />
	<bean id="scanMapper" class="com.igate.mapper.DBScanMapper" />
	
	<bean id="util" class="com.igate.util.Util" />

	<bean id="matMapper" class="com.igate.mapper.MatMapper" />
	<bean id="messageSource"
		class="org.springframework.context.support.ReloadableResourceBundleMessageSource">
		<property name="basenames">
			<list>
				<value>WEB-INF/mat</value>
			</list>
		</property>
	</bean>

	<bean id="multipartResolver"
		class="org.springframework.web.multipart.commons.CommonsMultipartResolver">
		<property name="maxUploadSize" value="500000" />
	</bean>

</beans>